<?xml version="1.0" encoding="UTF-8"?>
<project-private xmlns="http://www.netbeans.org/ns/project-private/1">
    <editor-bookmarks xmlns="http://www.netbeans.org/ns/editor-bookmarks/2" lastBookmarkId="0"/>
    <open-files xmlns="http://www.netbeans.org/ns/projectui-open-files/2">
        <group>
            <file>file:/E:/IDB/GIT/My-Core-Java/JEE59StoreSwing/src/jee59storeswing/JEE59StoreSwing.java</file>
            <file>file:/E:/IDB/GIT/My-Core-Java/JEE59StoreSwing/src/view/ProductView.java</file>
            <file>file:/E:/IDB/GIT/My-Core-Java/JEE59StoreSwing/src/util/DbUtil.java</file>
        </group>
    </open-files>
</project-private>
